1987,10,14,3,741,730,912,849,PS,1451,NA,91,79,NA,23,11,SAN,SFO,447,NA,NA,0,NA,0,NA,NA,NA,NA,NA,YES,YES
1987,10,15,4,729,730,903,849,PS,1451,NA,94,79,NA,14,-1,SAN,SFO,447,NA,NA,0,NA,0,NA,NA,NA,NA,NA,YES,NO
1987,10,17,6,741,730,918,849,PS,1451,NA,97,79,NA,29,11,SAN,SFO,447,NA,NA,0,NA,0,NA,NA,NA,NA,NA,YES,YES
1987,10,18,7,729,730,847,849,PS,1451,NA,78,79,NA,-2,-1,SAN,SFO,447,NA,NA,0,NA,0,NA,NA,NA,NA,NA,NO,NO
1987,10,19,1,749,730,922,849,PS,1451,NA,93,79,NA,33,19,SAN,SFO,447,NA,NA,0,NA,0,NA,NA,NA,NA,NA,YES,YES
1987,10,21,3,728,730,848,849,PS,1451,NA,80,79,NA,-1,-2,SAN,SFO,447,NA,NA,0,NA,0,NA,NA,NA,NA,NA,NO,NO
1987,10,22,4,728,730,852,849,PS,1451,NA,84,79,NA,3,-2,SAN,SFO,447,NA,NA,0,NA,0,NA,NA,NA,NA,NA,YES,NO
1987,10,23,5,731,730,902,849,PS,1451,NA,91,79,NA,13,1,SAN,SFO,447,NA,NA,0,NA,0,NA,NA,NA,NA,NA,YES,YES
1987,10,24,6,744,730,908,849,PS,1451,NA,84,79,NA,19,14,SAN,SFO,447,NA,NA,0,NA,0,NA,NA,NA,NA,NA,YES,YES
1988,1,9,6,1348,1331,1458,1435,PI,942,NA,70,64,NA,23,17,SYR,BWI,273,NA,NA,0,NA,0,NA,NA,NA,NA,NA,YES,YES
1988,1,10,7,1334,1331,1443,1435,PI,942,NA,69,64,NA,8,3,SYR,BWI,273,NA,NA,0,NA,0,NA,NA,NA,NA,NA,YES,YES
1988,1,11,1,1446,1331,1553,1435,PI,942,NA,67,64,NA,78,75,SYR,BWI,273,NA,NA,0,NA,0,NA,NA,NA,NA,NA,YES,YES
1988,1,12,2,1334,1331,1438,1435,PI,942,NA,64,64,NA,3,3,SYR,BWI,273,NA,NA,0,NA,0,NA,NA,NA,NA,NA,YES,YES
1988,1,13,3,1341,1331,1503,1435,PI,942,NA,82,64,NA,28,10,SYR,BWI,273,NA,NA,0,NA,0,NA,NA,NA,NA,NA,YES,YES
1988,1,14,4,1332,1331,1447,1435,PI,942,NA,75,64,NA,12,1,SYR,BWI,273,NA,NA,0,NA,0,NA,NA,NA,NA,NA,YES,YES
1988,1,15,5,1331,1331,1434,1435,PI,942,NA,63,64,NA,-1,0,SYR,BWI,273,NA,NA,0,NA,0,NA,NA,NA,NA,NA,NO,NO
1988,1,16,6,1327,1331,1427,1435,PI,942,NA,60,64,NA,-8,-4,SYR,BWI,273,NA,NA,0,NA,0,NA,NA,NA,NA,NA,NO,NO
1988,1,17,7,1331,1331,1440,1435,PI,942,NA,69,64,NA,5,0,SYR,BWI,273,NA,NA,0,NA,0,NA,NA,NA,NA,NA,YES,NO
1988,1,18,1,1349,1331,1519,1435,PI,942,NA,90,64,NA,44,18,SYR,BWI,273,NA,NA,0,NA,0,NA,NA,NA,NA,NA,YES,YES
1989,1,23,1,1419,1230,1742,1552,UA,183,NA,323,322,NA,110,109,SFO,HNL,2398,NA,NA,0,NA,0,NA,NA,NA,NA,NA,YES,YES
1989,1,24,2,1255,1230,1612,1552,UA,183,NA,317,322,NA,20,25,SFO,HNL,2398,NA,NA,0,NA,0,NA,NA,NA,NA,NA,YES,YES
1989,1,25,3,1230,1230,1533,1552,UA,183,NA,303,322,NA,-19,0,SFO,HNL,2398,NA,NA,0,NA,0,NA,NA,NA,NA,NA,NO,NO
1989,1,26,4,1230,1230,1523,1552,UA,183,NA,293,322,NA,-29,0,SFO,HNL,2398,NA,NA,0,NA,0,NA,NA,NA,NA,NA,NO,NO
1989,1,27,5,1232,1230,1513,1552,UA,183,NA,281,322,NA,-39,2,SFO,HNL,2398,NA,NA,0,NA,0,NA,NA,NA,NA,NA,NO,YES
1989,1,28,6,1228,1230,1550,1552,UA,183,NA,322,322,NA,-2,-2,SFO,HNL,2398,NA,NA,0,NA,0,NA,NA,NA,NA,NA,NO,NO
1989,1,29,7,1639,1230,1942,1552,UA,183,NA,303,322,NA,230,249,SFO,HNL,2398,NA,NA,0,NA,0,NA,NA,NA,NA,NA,YES,YES
1989,1,30,1,1231,1230,1531,1552,UA,183,NA,300,322,NA,-21,1,SFO,HNL,2398,NA,NA,0,NA,0,NA,NA,NA,NA,NA,NO,YES
1989,1,31,2,1405,1230,1827,1552,UA,183,NA,382,322,NA,155,95,SFO,HNL,2398,NA,NA,0,NA,0,NA,NA,NA,NA,NA,YES,YES
1989,1,2,1,1057,1045,1537,1554,UA,184,NA,160,189,NA,-17,12,DEN,IAD,1452,NA,NA,0,NA,0,NA,NA,NA,NA,NA,NO,YES
1991,1,1,2,1709,1705,1944,1944,US,112,NA,155,159,NA,0,4,TPA,SYR,1104,NA,NA,0,NA,0,NA,NA,NA,NA,NA,NO,YES
1991,1,2,3,1704,1705,1946,1944,US,112,NA,162,159,NA,2,-1,TPA,SYR,1104,NA,NA,0,NA,0,NA,NA,NA,NA,NA,YES,NO
1991,1,3,4,1705,1705,1934,1944,US,112,NA,149,159,NA,-10,0,TPA,SYR,1104,NA,NA,0,NA,0,NA,NA,NA,NA,NA,NO,NO
1991,1,4,5,1709,1705,1951,1944,US,112,NA,162,159,NA,7,4,TPA,SYR,1104,NA,NA,0,NA,0,NA,NA,NA,NA,NA,YES,YES
1991,1,5,6,1703,1705,1936,1944,US,112,NA,153,159,NA,-8,-2,TPA,SYR,1104,NA,NA,0,NA,0,NA,NA,NA,NA,NA,NO,NO
1991,1,6,7,1711,1705,1949,1944,US,112,NA,158,159,NA,5,6,TPA,SYR,1104,NA,NA,0,NA,0,NA,NA,NA,NA,NA,YES,YES
1991,1,7,1,1711,1705,1946,1944,US,112,NA,155,159,NA,2,6,TPA,SYR,1104,NA,NA,0,NA,0,NA,NA,NA,NA,NA,YES,YES
1991,1,8,2,1704,1705,1934,1944,US,112,NA,150,159,NA,-10,-1,TPA,SYR,1104,NA,NA,0,NA,0,NA,NA,NA,NA,NA,NO,NO
1991,1,9,3,1805,1705,2042,1944,US,112,NA,157,159,NA,58,60,TPA,SYR,1104,NA,NA,0,NA,0,NA,NA,NA,NA,NA,YES,YES
1991,1,10,4,1703,1705,1946,1944,US,112,NA,163,159,NA,2,-2,TPA,SYR,1104,NA,NA,0,NA,0,NA,NA,NA,NA,NA,YES,NO
1991,1,11,5,1706,1705,2014,1944,US,112,NA,188,159,NA,30,1,TPA,SYR,1104,NA,NA,0,NA,0,NA,NA,NA,NA,NA,YES,YES
1991,1,12,6,1702,1705,1926,1944,US,112,NA,144,159,NA,-18,-3,TPA,SYR,1104,NA,NA,0,NA,0,NA,NA,NA,NA,NA,NO,NO
1991,1,13,7,1705,1705,1941,1944,US,112,NA,156,159,NA,-3,0,TPA,SYR,1104,NA,NA,0,NA,0,NA,NA,NA,NA,NA,NO,NO
1991,1,14,1,1703,1705,1942,1944,US,112,NA,159,159,NA,-2,-2,TPA,SYR,1104,NA,NA,0,NA,0,NA,NA,NA,NA,NA,NO,NO
1991,1,15,2,1701,1705,1932,1944,US,112,NA,151,159,NA,-12,-4,TPA,SYR,1104,NA,NA,0,NA,0,NA,NA,NA,NA,NA,NO,NO
1991,1,16,3,1723,1705,1945,1944,US,112,NA,142,159,NA,1,18,TPA,SYR,1104,NA,NA,0,NA,0,NA,NA,NA,NA,NA,YES,YES
1991,1,17,4,1706,1705,1943,1944,US,112,NA,157,159,NA,-1,1,TPA,SYR,1104,NA,NA,0,NA,0,NA,NA,NA,NA,NA,NO,YES
1991,1,18,5,1704,1705,2000,1944,US,112,NA,176,159,NA,16,-1,TPA,SYR,1104,NA,NA,0,NA,0,NA,NA,NA,NA,NA,YES,NO
1991,1,19,6,1701,1705,1927,1944,US,112,NA,146,159,NA,-17,-4,TPA,SYR,1104,NA,NA,0,NA,0,NA,NA,NA,NA,NA,NO,NO
1991,1,20,7,1702,1705,1939,1944,US,112,NA,157,159,NA,-5,-3,TPA,SYR,1104,NA,NA,0,NA,0,NA,NA,NA,NA,NA,NO,NO
1992,1,11,6,1712,1710,1824,1830,US,58,NA,72,80,NA,-6,2,IND,DCA,499,NA,NA,0,NA,0,NA,NA,NA,NA,NA,NO,YES
1992,1,12,7,1718,1710,1833,1830,US,58,NA,75,80,NA,3,8,IND,DCA,499,NA,NA,0,NA,0,NA,NA,NA,NA,NA,YES,YES
1992,1,13,1,1728,1710,1844,1830,US,58,NA,76,80,NA,14,18,IND,DCA,499,NA,NA,0,NA,0,NA,NA,NA,NA,NA,YES,YES
1992,1,14,2,1713,1710,1845,1830,US,58,NA,92,80,NA,15,3,IND,DCA,499,NA,NA,0,NA,0,NA,NA,NA,NA,NA,YES,YES
1992,1,15,3,1838,1710,2009,1830,US,58,NA,91,80,NA,99,88,IND,DCA,499,NA,NA,0,NA,0,NA,NA,NA,NA,NA,YES,YES
1992,1,16,4,1712,1710,1828,1830,US,58,NA,76,80,NA,-2,2,IND,DCA,499,NA,NA,0,NA,0,NA,NA,NA,NA,NA,NO,YES
1992,1,17,5,1720,1710,1847,1830,US,58,NA,87,80,NA,17,10,IND,DCA,499,NA,NA,0,NA,0,NA,NA,NA,NA,NA,YES,YES
1992,1,18,6,1711,1710,1820,1830,US,58,NA,69,80,NA,-10,1,IND,DCA,499,NA,NA,0,NA,0,NA,NA,NA,NA,NA,NO,YES
1992,1,19,7,1720,1710,1839,1830,US,58,NA,79,80,NA,9,10,IND,DCA,499,NA,NA,0,NA,0,NA,NA,NA,NA,NA,YES,YES
1992,1,20,1,1711,1710,1831,1830,US,58,NA,80,80,NA,1,1,IND,DCA,499,NA,NA,0,NA,0,NA,NA,NA,NA,NA,YES,YES
1993,1,13,3,802,800,1111,1116,US,80,NA,129,136,NA,-5,2,MSY,DCA,969,NA,NA,0,NA,0,NA,NA,NA,NA,NA,NO,YES
1993,1,14,4,800,800,1103,1116,US,80,NA,123,136,NA,-13,0,MSY,DCA,969,NA,NA,0,NA,0,NA,NA,NA,NA,NA,NO,NO
1993,1,15,5,803,800,1104,1116,US,80,NA,121,136,NA,-12,3,MSY,DCA,969,NA,NA,0,NA,0,NA,NA,NA,NA,NA,NO,YES
1993,1,16,6,930,800,1239,1116,US,80,NA,129,136,NA,83,90,MSY,DCA,969,NA,NA,0,NA,0,NA,NA,NA,NA,NA,YES,YES
1993,1,17,7,804,800,1127,1116,US,80,NA,143,136,NA,11,4,MSY,DCA,969,NA,NA,0,NA,0,NA,NA,NA,NA,NA,YES,YES
1993,1,18,1,801,800,1115,1116,US,80,NA,134,136,NA,-1,1,MSY,DCA,969,NA,NA,0,NA,0,NA,NA,NA,NA,NA,NO,YES
1993,1,19,2,759,800,1115,1116,US,80,NA,136,136,NA,-1,-1,MSY,DCA,969,NA,NA,0,NA,0,NA,NA,NA,NA,NA,NO,NO
1993,1,20,3,800,800,1117,1116,US,80,NA,137,136,NA,1,0,MSY,DCA,969,NA,NA,0,NA,0,NA,NA,NA,NA,NA,YES,NO
1993,1,21,4,800,800,1114,1116,US,80,NA,134,136,NA,-2,0,MSY,DCA,969,NA,NA,0,NA,0,NA,NA,NA,NA,NA,NO,NO
1993,1,22,5,802,800,1124,1116,US,80,NA,142,136,NA,8,2,MSY,DCA,969,NA,NA,0,NA,0,NA,NA,NA,NA,NA,YES,YES
1994,1,16,7,NA,1605,NA,1641,US,242,NA,NA,96,NA,NA,NA,PIT,ORD,412,NA,NA,1,NA,0,NA,NA,NA,NA,NA,YES,YES
1994,1,17,1,1617,1605,1657,1641,US,242,NA,100,96,NA,16,12,PIT,ORD,412,NA,NA,0,NA,0,NA,NA,NA,NA,NA,YES,YES
1994,1,18,2,1628,1605,1702,1641,US,242,NA,94,96,NA,21,23,PIT,ORD,412,NA,NA,0,NA,0,NA,NA,NA,NA,NA,YES,YES
1994,1,19,3,1617,1605,1655,1641,US,242,NA,98,96,NA,14,12,PIT,ORD,412,NA,NA,0,NA,0,NA,NA,NA,NA,NA,YES,YES
1994,1,20,4,1619,1605,1647,1641,US,242,NA,88,96,NA,6,14,PIT,ORD,412,NA,NA,0,NA,0,NA,NA,NA,NA,NA,YES,YES
1994,1,21,5,1618,1605,1640,1641,US,242,NA,82,96,NA,-1,13,PIT,ORD,412,NA,NA,0,NA,0,NA,NA,NA,NA,NA,NO,YES
1994,1,23,7,1605,1605,1633,1641,US,242,NA,88,96,NA,-8,0,PIT,ORD,412,NA,NA,0,NA,0,NA,NA,NA,NA,NA,NO,NO
1994,1,24,1,1611,1605,1642,1641,US,242,NA,91,96,NA,1,6,PIT,ORD,412,NA,NA,0,NA,0,NA,NA,NA,NA,NA,YES,YES
1994,1,25,2,1646,1605,1731,1641,US,242,NA,105,96,NA,50,41,PIT,ORD,412,NA,NA,0,NA,0,NA,NA,NA,NA,NA,YES,YES
1994,1,26,3,1618,1605,1648,1641,US,242,NA,90,96,NA,7,13,PIT,ORD,412,NA,NA,0,NA,0,NA,NA,NA,NA,NA,YES,YES
1995,1,7,6,931,925,1219,1215,US,930,N260AU,108,110,93,4,6,ORD,PHL,678,3,12,0,NA,0,NA,NA,NA,NA,NA,YES,YES
1995,1,8,7,926,925,1205,1215,US,930,N265AU,99,110,85,-10,1,ORD,PHL,678,6,8,0,NA,0,NA,NA,NA,NA,NA,NO,YES
1995,1,9,1,928,925,1215,1215,US,930,N234US,107,110,89,0,3,ORD,PHL,678,7,11,0,NA,0,NA,NA,NA,NA,NA,NO,YES
1995,1,10,2,1025,925,1300,1215,US,930,N260AU,95,110,81,45,60,ORD,PHL,678,4,10,0,NA,0,NA,NA,NA,NA,NA,YES,YES
1995,1,11,3,925,925,1244,1215,US,930,N237US,139,110,95,29,0,ORD,PHL,678,4,40,0,NA,0,NA,NA,NA,NA,NA,YES,NO
1995,1,12,4,NA,925,NA,1215,US,930,UNKNOW,NA,110,37,NA,NA,ORD,PHL,678,5,9,1,NA,0,NA,NA,NA,NA,NA,YES,YES
1995,1,13,5,925,925,1215,1215,US,930,N262AU,110,110,93,0,0,ORD,PHL,678,7,10,0,NA,0,NA,NA,NA,NA,NA,NO,NO
1995,1,14,6,925,925,1219,1215,US,930,N263AU,114,110,99,4,0,ORD,PHL,678,4,11,0,NA,0,NA,NA,NA,NA,NA,YES,NO
1995,1,15,7,925,925,1225,1215,US,930,N260AU,120,110,108,10,0,ORD,PHL,678,6,6,0,NA,0,NA,NA,NA,NA,NA,YES,NO
1995,1,16,1,1032,925,1320,1215,US,930,N252AU,108,110,91,65,67,ORD,PHL,678,7,10,0,NA,0,NA,NA,NA,NA,NA,YES,YES
1996,1,24,3,840,835,1111,1043,HP,20,N904AW,271,248,248,28,5,ATL,PHX,1587,2,21,0,NA,0,NA,NA,NA,NA,NA,YES,YES
1996,1,25,4,839,835,1104,1043,HP,20,N905AW,265,248,247,21,4,ATL,PHX,1587,3,15,0,NA,0,NA,NA,NA,NA,NA,YES,YES
1996,1,26,5,839,835,1100,1043,HP,20,N909AW,261,248,245,17,4,ATL,PHX,1587,4,12,0,NA,0,NA,NA,NA,NA,NA,YES,YES
1996,1,27,6,845,835,1112,1043,HP,20,N903AW,267,248,251,29,10,ATL,PHX,1587,4,12,0,NA,0,NA,NA,NA,NA,NA,YES,YES
1996,1,28,7,835,835,1051,1043,HP,20,N902AW,256,248,238,8,0,ATL,PHX,1587,3,15,0,NA,0,NA,NA,NA,NA,NA,YES,NO
1996,1,29,1,831,835,1040,1043,HP,20,N906AW,249,248,233,-3,-4,ATL,PHX,1587,5,11,0,NA,0,NA,NA,NA,NA,NA,NO,NO
1996,1,30,2,835,835,1047,1043,HP,20,N910AW,252,248,228,4,0,ATL,PHX,1587,6,18,0,NA,0,NA,NA,NA,NA,NA,YES,NO
1996,1,31,3,835,835,1106,1043,HP,20,N903AW,271,248,230,23,0,ATL,PHX,1587,4,37,0,NA,0,NA,NA,NA,NA,NA,YES,NO
1996,1,1,1,1707,1710,1826,1830,HP,416,N151AW,139,140,125,-4,-3,AUS,PHX,872,6,8,0,NA,0,NA,NA,NA,NA,NA,NO,NO
1996,1,2,2,1734,1710,1853,1830,HP,416,N166AW,139,140,123,23,24,AUS,PHX,872,7,9,0,NA,0,NA,NA,NA,NA,NA,YES,YES
1997,1,10,5,708,710,938,929,HP,2202,N150AW,90,79,64,9,-2,BUR,PHX,369,4,22,0,NA,0,NA,NA,NA,NA,NA,YES,NO
1997,1,11,6,706,710,927,929,HP,2202,N308AW,81,79,65,-2,-4,BUR,PHX,369,4,12,0,NA,0,NA,NA,NA,NA,NA,NO,NO
1997,1,12,7,707,710,917,929,HP,2202,N164AW,70,79,56,-12,-3,BUR,PHX,369,5,9,0,NA,0,NA,NA,NA,NA,NA,NO,NO
1997,1,13,1,713,710,936,929,HP,2202,N155AW,83,79,69,7,3,BUR,PHX,369,5,9,0,NA,0,NA,NA,NA,NA,NA,YES,YES
1997,1,14,2,712,710,928,929,HP,2202,N151AW,76,79,60,-1,2,BUR,PHX,369,6,10,0,NA,0,NA,NA,NA,NA,NA,NO,YES
1997,1,15,3,708,710,947,929,HP,2202,N160AW,99,79,60,18,-2,BUR,PHX,369,5,34,0,NA,0,NA,NA,NA,NA,NA,YES,NO
1997,1,16,4,706,710,940,929,HP,2202,N155AW,94,79,65,11,-4,BUR,PHX,369,10,19,0,NA,0,NA,NA,NA,NA,NA,YES,NO
1997,1,17,5,710,710,930,929,HP,2202,N158AW,80,79,67,1,0,BUR,PHX,369,4,9,0,NA,0,NA,NA,NA,NA,NA,YES,NO
1997,1,18,6,708,710,925,929,HP,2202,N325AW,77,79,64,-4,-2,BUR,PHX,369,2,11,0,NA,0,NA,NA,NA,NA,NA,NO,NO
1997,1,19,7,708,710,919,929,HP,2202,N509DC,71,79,60,-10,-2,BUR,PHX,369,2,9,0,NA,0,NA,NA,NA,NA,NA,NO,NO
1998,1,1,4,1050,925,1252,1140,WN,1339,N91,62,75,55,72,85,BUR,PHX,369,2,5,0,NA,0,NA,NA,NA,NA,NA,YES,YES
1998,1,2,5,925,925,1136,1140,WN,1339,N623,71,75,51,-4,0,BUR,PHX,369,4,16,0,NA,0,NA,NA,NA,NA,NA,NO,NO
1998,1,3,6,937,925,1157,1140,WN,1339,N305,80,75,62,17,12,BUR,PHX,369,4,14,0,NA,0,NA,NA,NA,NA,NA,YES,YES
1998,1,4,7,936,925,1143,1140,WN,1339,N337,67,75,53,3,11,BUR,PHX,369,5,9,0,NA,0,NA,NA,NA,NA,NA,YES,YES
1998,1,5,1,925,925,1137,1140,WN,1339,N329,72,75,58,-3,0,BUR,PHX,369,6,8,0,NA,0,NA,NA,NA,NA,NA,NO,NO
1998,1,6,2,925,925,1138,1140,WN,1339,N364,73,75,55,-2,0,BUR,PHX,369,3,15,0,NA,0,NA,NA,NA,NA,NA,NO,NO
1998,1,7,3,925,925,1138,1140,WN,1339,N638,73,75,60,-2,0,BUR,PHX,369,5,8,0,NA,0,NA,NA,NA,NA,NA,NO,NO
1998,1,8,4,925,925,1125,1140,WN,1339,N396,60,75,51,-15,0,BUR,PHX,369,2,7,0,NA,0,NA,NA,NA,NA,NA,NO,NO
1998,1,9,5,925,925,1130,1140,WN,1339,N385,65,75,54,-10,0,BUR,PHX,369,3,8,0,NA,0,NA,NA,NA,NA,NA,NO,NO
1998,1,10,6,925,925,1145,1140,WN,1339,N310,80,75,72,5,0,BUR,PHX,369,3,5,0,NA,0,NA,NA,NA,NA,NA,YES,NO
1999,1,7,4,1346,1210,2122,2000,US,106,N704UW,276,290,252,82,96,SEA,PHL,2378,14,10,0,NA,0,NA,NA,NA,NA,NA,YES,YES
1999,1,8,5,1403,1210,2252,2000,US,106,N700UW,349,290,267,172,113,SEA,PHL,2378,65,17,0,NA,0,NA,NA,NA,NA,NA,YES,YES
1999,1,9,6,1248,1210,2035,2000,US,106,N704UW,287,290,258,35,38,SEA,PHL,2378,16,13,0,NA,0,NA,NA,NA,NA,NA,YES,YES
1999,1,10,7,1301,1210,2048,2000,US,106,N704UW,287,290,258,48,51,SEA,PHL,2378,11,18,0,NA,0,NA,NA,NA,NA,NA,YES,YES
1999,1,11,1,1217,1210,1956,2000,US,106,N705UW,279,290,253,-4,7,SEA,PHL,2378,4,22,0,NA,0,NA,NA,NA,NA,NA,NO,YES
1999,1,12,2,1305,1210,2043,2000,US,106,N700UW,278,290,261,43,55,SEA,PHL,2378,4,13,0,NA,0,NA,NA,NA,NA,NA,YES,YES
1999,1,13,3,1210,1210,1959,2000,US,106,N702UW,289,290,268,-1,0,SEA,PHL,2378,8,13,0,NA,0,NA,NA,NA,NA,NA,NO,NO
1999,1,14,4,1254,1210,NA,2000,US,106,N701UW,NA,290,NA,NA,44,SEA,PHL,2378,0,17,0,NA,1,NA,NA,NA,NA,NA,YES,YES
1999,1,15,5,1226,1210,2030,2000,US,106,N704UW,304,290,259,30,16,SEA,PHL,2378,29,16,0,NA,0,NA,NA,NA,NA,NA,YES,YES
1999,1,16,6,1252,1210,2035,2000,US,106,N703UW,283,290,259,35,42,SEA,PHL,2378,6,18,0,NA,0,NA,NA,NA,NA,NA,YES,YES
2000,1,12,3,1917,1838,2213,2139,HP,245,N909AW,296,301,280,34,39,BWI,PHX,1999,5,11,0,NA,0,NA,NA,NA,NA,NA,YES,YES
2000,1,13,4,1834,1838,2152,2139,HP,245,N905AW,318,301,295,13,-4,BWI,PHX,1999,4,19,0,NA,0,NA,NA,NA,NA,NA,YES,NO
2000,1,14,5,1838,1838,2200,2139,HP,245,N908AW,322,301,298,21,0,BWI,PHX,1999,15,9,0,NA,0,NA,NA,NA,NA,NA,YES,NO
2000,1,15,6,1835,1838,2118,2139,HP,245,N906AW,283,301,269,-21,-3,BWI,PHX,1999,3,11,0,NA,0,NA,NA,NA,NA,NA,NO,NO
2000,1,16,7,1839,1838,2139,2139,HP,245,N913AW,300,301,265,0,1,BWI,PHX,1999,21,14,0,NA,0,NA,NA,NA,NA,NA,NO,YES
2000,1,17,1,1838,1838,2148,2139,HP,245,N907AW,310,301,283,9,0,BWI,PHX,1999,12,15,0,NA,0,NA,NA,NA,NA,NA,YES,NO
2000,1,18,2,1905,1838,2235,2139,HP,245,N904AW,330,301,306,56,27,BWI,PHX,1999,5,19,0,NA,0,NA,NA,NA,NA,NA,YES,YES
2000,1,19,3,NA,1838,NA,2139,HP,245,N901AW,NA,301,NA,NA,NA,BWI,PHX,1999,0,0,1,NA,0,NA,NA,NA,NA,NA,YES,YES
2000,1,20,4,2032,1838,28,2139,HP,245,N913AW,356,301,291,169,114,BWI,PHX,1999,3,62,0,NA,0,NA,NA,NA,NA,NA,YES,YES
2000,1,21,5,1852,1838,2212,2139,HP,245,N910AW,320,301,308,33,14,BWI,PHX,1999,2,10,0,NA,0,NA,NA,NA,NA,NA,YES,YES
2001,1,12,5,726,730,853,848,US,393,N721��,87,78,70,5,-4,DCA,CLT,331,4,13,0,NA,0,NA,NA,NA,NA,NA,YES,NO
2001,1,13,6,730,730,846,848,US,393,N705��,76,78,59,-2,0,DCA,CLT,331,6,11,0,NA,0,NA,NA,NA,NA,NA,NO,NO
2001,1,14,7,724,730,843,848,US,393,N711��,79,78,60,-5,-6,DCA,CLT,331,4,15,0,NA,0,NA,NA,NA,NA,NA,NO,NO
2001,1,15,1,727,730,844,848,US,393,N706��,77,78,58,-4,-3,DCA,CLT,331,5,14,0,NA,0,NA,NA,NA,NA,NA,NO,NO
2001,1,16,2,727,730,849,848,US,393,N719��,82,78,68,1,-3,DCA,CLT,331,4,10,0,NA,0,NA,NA,NA,NA,NA,YES,NO
2001,1,17,3,725,730,844,848,US,393,N763��,79,78,64,-4,-5,DCA,CLT,331,5,10,0,NA,0,NA,NA,NA,NA,NA,NO,NO
2001,1,18,4,723,730,855,848,US,393,N700��,92,78,69,7,-7,DCA,CLT,331,3,20,0,NA,0,NA,NA,NA,NA,NA,YES,NO
2001,1,19,5,726,730,905,848,US,393,N744��,99,78,75,17,-4,DCA,CLT,331,4,20,0,NA,0,NA,NA,NA,NA,NA,YES,NO
2001,1,20,6,733,730,902,848,US,393,N711��,89,78,70,14,3,DCA,CLT,331,3,16,0,NA,0,NA,NA,NA,NA,NA,YES,YES
2001,1,21,7,757,730,912,848,US,393,N732��,75,78,54,24,27,DCA,CLT,331,5,16,0,NA,0,NA,NA,NA,NA,NA,YES,YES
2002,1,7,1,1254,1300,1353,1359,US,752,N393��,59,59,40,-6,-6,SAV,CLT,213,6,13,0,NA,0,NA,NA,NA,NA,NA,NO,NO
2002,1,8,2,1253,1300,1357,1359,US,752,N558A�,64,59,43,-2,-7,SAV,CLT,213,8,13,0,NA,0,NA,NA,NA,NA,NA,NO,NO
2002,1,9,3,1252,1300,1359,1359,US,752,N587��,67,59,47,0,-8,SAV,CLT,213,4,16,0,NA,0,NA,NA,NA,NA,NA,NO,NO
2002,1,10,4,1254,1300,1355,1359,US,752,N525A�,61,59,44,-4,-6,SAV,CLT,213,7,10,0,NA,0,NA,NA,NA,NA,NA,NO,NO
2002,1,11,5,1300,1300,1401,1359,US,752,N353��,61,59,43,2,0,SAV,CLT,213,7,11,0,NA,0,NA,NA,NA,NA,NA,YES,NO
2002,1,12,6,1253,1300,1352,1359,US,752,N562A�,59,59,41,-7,-7,SAV,CLT,213,8,10,0,NA,0,NA,NA,NA,NA,NA,NO,NO
2002,1,13,7,1252,1300,1352,1359,US,752,N395��,60,59,43,-7,-8,SAV,CLT,213,5,12,0,NA,0,NA,NA,NA,NA,NA,NO,NO
2002,1,14,1,1253,1300,1354,1359,US,752,N508A�,61,59,44,-5,-7,SAV,CLT,213,6,11,0,NA,0,NA,NA,NA,NA,NA,NO,NO
2002,1,15,2,1252,1300,1359,1359,US,752,N529A�,67,59,38,0,-8,SAV,CLT,213,18,11,0,NA,0,NA,NA,NA,NA,NA,NO,NO
2002,1,16,3,1253,1300,1354,1359,US,752,N506A�,61,59,39,-5,-7,SAV,CLT,213,10,12,0,NA,0,NA,NA,NA,NA,NA,NO,NO
2003,1,14,2,1832,1837,1837,1850,UA,1035,N466UA,65,73,48,-13,-5,DAY,ORD,240,8,9,0,NA,0,NA,NA,NA,NA,NA,NO,NO
2003,1,15,3,1834,1837,1921,1850,UA,1035,N498UA,107,73,55,31,-3,DAY,ORD,240,6,46,0,NA,0,NA,NA,NA,NA,NA,YES,NO
2003,1,16,4,1839,1837,1919,1850,UA,1035,N483UA,100,73,42,29,2,DAY,ORD,240,10,48,0,NA,0,NA,NA,NA,NA,NA,YES,YES
2003,1,17,5,1836,1837,1900,1850,UA,1035,N493UA,84,73,53,10,-1,DAY,ORD,240,6,25,0,NA,0,NA,NA,NA,NA,NA,YES,NO
2003,1,18,6,1835,1837,1902,1850,UA,1035,N938UA,87,73,44,12,-2,DAY,ORD,240,5,38,0,NA,0,NA,NA,NA,NA,NA,YES,NO
2003,1,19,7,1826,1837,1909,1850,UA,1035,N907UA,103,73,57,19,-11,DAY,ORD,240,8,38,0,NA,0,NA,NA,NA,NA,NA,YES,NO
2003,1,20,1,1836,1837,1914,1850,UA,1035,N476UA,98,73,55,24,-1,DAY,ORD,240,5,38,0,NA,0,NA,NA,NA,NA,NA,YES,NO
2003,1,21,2,1836,1837,1914,1850,UA,1035,N492UA,98,73,51,24,-1,DAY,ORD,240,12,35,0,NA,0,NA,NA,NA,NA,NA,YES,NO
2003,1,22,3,1836,1837,1901,1850,UA,1035,N423UA,85,73,50,11,-1,DAY,ORD,240,11,24,0,NA,0,NA,NA,NA,NA,NA,YES,NO
2003,1,23,4,1901,1837,1902,1850,UA,1035,N845UA,61,73,43,12,24,DAY,ORD,240,7,11,0,NA,0,NA,NA,NA,NA,NA,YES,YES
2004,1,23,5,937,921,1521,1505,UA,470,N510UA,224,224,198,16,16,SEA,ORD,1721,8,18,0,,0,0,0,16,0,0,YES,YES
2004,1,24,6,841,844,1417,1430,UA,470,N814UA,216,226,192,-13,-3,SEA,ORD,1721,8,16,0,,0,0,0,0,0,0,NO,NO
2004,1,25,7,913,921,1508,1505,UA,470,N559UA,235,224,213,3,-8,SEA,ORD,1721,12,10,0,,0,0,0,0,0,0,YES,NO
2004,1,26,1,923,921,1529,1505,UA,470,N536UA,246,224,205,24,2,SEA,ORD,1721,9,32,0,,0,0,0,24,0,0,YES,YES
2004,1,27,2,919,921,1504,1505,UA,470,N511UA,225,224,198,-1,-2,SEA,ORD,1721,6,21,0,,0,0,0,0,0,0,NO,NO
2004,1,28,3,913,921,1502,1505,UA,470,N567UA,229,224,208,-3,-8,SEA,ORD,1721,7,14,0,,0,0,0,0,0,0,NO,NO
2004,1,29,4,NA,921,NA,1505,UA,470,000000,NA,224,NA,NA,NA,SEA,ORD,1721,0,0,1,A,0,0,0,0,0,0,YES,YES
2004,1,30,5,914,921,1513,1505,UA,470,N570UA,239,224,187,8,-7,SEA,ORD,1721,9,43,0,,0,0,0,0,0,0,YES,NO
2004,1,31,6,841,844,1418,1430,UA,470,N425UA,217,226,197,-12,-3,SEA,ORD,1721,8,12,0,,0,0,0,0,0,0,NO,NO
2004,1,7,3,1902,1845,2040,2011,UA,471,N932UA,98,86,77,29,17,ORD,MSP,334,4,17,0,,0,0,0,13,0,16,YES,YES
2005,1,1,6,1348,1335,1612,1615,UA,562,N938UA,84,100,62,-3,13,ORD,BUF,473,3,19,0,,0,0,0,0,0,0,NO,YES
2005,1,2,7,1337,1335,1605,1614,UA,562,N829UA,88,99,66,-9,2,ORD,BUF,473,3,19,0,,0,0,0,0,0,0,NO,YES
2005,1,3,1,1420,1335,1646,1614,UA,562,N854UA,86,99,57,32,45,ORD,BUF,473,4,25,0,,0,32,0,0,0,0,YES,YES
2005,1,4,2,1332,1335,1609,1614,UA,562,N815UA,97,99,56,-5,-3,ORD,BUF,473,3,38,0,,0,0,0,0,0,0,NO,NO
2005,1,5,3,1515,1335,1739,1614,UA,562,N847UA,84,99,61,85,100,ORD,BUF,473,4,19,0,,0,38,0,0,0,47,YES,YES
2005,1,6,4,NA,719,NA,859,UA,563,000000,NA,160,NA,NA,NA,MHT,ORD,843,0,0,1,B,0,0,0,0,0,0,YES,YES
2005,1,7,5,710,719,903,859,UA,563,N308UA,173,160,147,4,-9,MHT,ORD,843,4,22,0,,0,0,0,0,0,0,YES,NO
2005,1,8,6,711,720,907,859,UA,563,N346UA,176,159,134,8,-9,MHT,ORD,843,9,33,0,,0,0,0,0,0,0,YES,NO
2005,1,9,7,719,720,851,858,UA,563,N422UA,152,158,132,-7,-1,MHT,ORD,843,4,16,0,,0,0,0,0,0,0,NO,NO
2005,1,10,1,1328,719,1538,859,UA,563,N325UA,190,160,154,399,369,MHT,ORD,843,8,28,0,,0,369,0,30,0,0,YES,YES
2006,1,11,3,1704,1700,1814,1811,US,2183,N754UW,70,71,46,3,4,LGA,DCA,214,5,19,0,,0,0,0,0,0,0,YES,YES
2006,1,11,3,1755,1800,1908,1910,US,2185,N737UW,73,70,55,-2,-5,LGA,DCA,214,5,13,0,,0,0,0,0,0,0,NO,NO
2006,1,11,3,1858,1900,2004,2009,US,2187,N762UW,66,69,51,-5,-2,LGA,DCA,214,2,13,0,,0,0,0,0,0,0,NO,NO
2006,1,11,3,2018,2000,2119,2108,US,2189,N750UW,61,68,44,11,18,LGA,DCA,214,4,13,0,,0,0,0,0,0,0,YES,YES
2006,1,11,3,2052,2100,2151,2206,US,2191,N769UW,59,66,44,-15,-8,LGA,DCA,214,4,11,0,,0,0,0,0,0,0,NO,NO
2006,1,11,3,706,715,1002,1015,US,263,N760UW,176,180,157,-13,-9,LGA,FLL,1076,2,17,0,,0,0,0,0,0,0,NO,NO
2006,1,11,3,1451,1500,1754,1801,US,305,N704UW,183,181,158,-7,-9,LGA,FLL,1076,3,22,0,,0,0,0,0,0,0,NO,NO
2006,1,11,3,604,615,725,740,US,133,N755UW,81,85,62,-15,-11,LGA,PIT,335,3,16,0,,0,0,0,0,0,0,NO,NO
2006,1,11,3,911,920,1040,1101,US,701,N745UW,89,101,60,-21,-9,LGA,PIT,335,3,26,0,,0,0,0,0,0,0,NO,NO
2006,1,11,3,1828,1815,2004,1950,US,733,N422US,96,95,68,14,13,LGA,PIT,335,7,21,0,,0,0,0,0,0,0,YES,YES
2007,1,2,2,1224,1215,1304,1300,WN,2064,N526,40,45,28,4,9,HOU,AUS,148,3,9,0,,0,0,0,0,0,0,YES,YES
2007,1,2,2,644,645,721,730,WN,2188,N519,37,45,26,-9,-1,HOU,AUS,148,5,6,0,,0,0,0,0,0,0,NO,NO
2007,1,2,2,843,840,1010,1010,WN,1333,N600WN,87,90,78,0,3,HOU,BHM,570,2,7,0,,0,0,0,0,0,0,NO,YES
2007,1,2,2,1621,1620,1750,1755,WN,1575,N306SW,89,95,77,-5,1,HOU,BHM,570,2,10,0,,0,0,0,0,0,0,NO,YES
2007,1,2,2,1032,1015,1206,1200,WN,333,N227,94,105,85,6,17,HOU,BNA,670,4,5,0,,0,0,0,0,0,0,YES,YES
2007,1,2,2,1730,1730,1907,1920,WN,680,N663SW,97,110,83,-13,0,HOU,BNA,670,6,8,0,,0,0,0,0,0,0,NO,NO
2007,1,2,2,709,710,854,855,WN,715,N222,105,105,83,-1,-1,HOU,BNA,670,15,7,0,,0,0,0,0,0,0,NO,NO
2007,1,2,2,2009,1950,2144,2135,WN,784,N373,95,105,84,9,19,HOU,BNA,670,6,5,0,,0,0,0,0,0,0,YES,YES
2007,1,2,2,1312,1310,1451,1455,WN,1050,N787,99,105,83,-4,2,HOU,BNA,670,4,12,0,,0,0,0,0,0,0,NO,YES
2007,1,2,2,805,805,1147,1200,WN,292,N483,162,175,151,-13,0,HOU,BWI,1246,2,9,0,,0,0,0,0,0,0,NO,NO
2007,1,2,2,1544,1535,1925,1930,WN,583,N482,161,175,150,-5,9,HOU,BWI,1246,3,8,0,,0,0,0,0,0,0,NO,YES
2008,1,3,4,2003,1955,2211,2225,WN,335,N712SW,128,150,116,-14,8,IAD,TPA,810,4,8,0,,0,NA,NA,NA,NA,NA,NO,YES
2008,1,3,4,754,735,1002,1000,WN,3231,N772SW,128,145,113,2,19,IAD,TPA,810,5,10,0,,0,NA,NA,NA,NA,NA,YES,YES
2008,1,3,4,628,620,804,750,WN,448,N428WN,96,90,76,14,8,IND,BWI,515,3,17,0,,0,NA,NA,NA,NA,NA,YES,YES
2008,1,3,4,926,930,1054,1100,WN,1746,N612SW,88,90,78,-6,-4,IND,BWI,515,3,7,0,,0,NA,NA,NA,NA,NA,NO,NO
2008,1,3,4,1829,1755,1959,1925,WN,3920,N464WN,90,90,77,34,34,IND,BWI,515,3,10,0,,0,2,0,0,0,32,YES,YES
2008,1,3,4,1940,1915,2121,2110,WN,378,N726SW,101,115,87,11,25,IND,JAX,688,4,10,0,,0,NA,NA,NA,NA,NA,YES,YES
2008,1,3,4,1937,1830,2037,1940,WN,509,N763SW,240,250,230,57,67,IND,LAS,1591,3,7,0,,0,10,0,0,0,47,YES,YES
2008,1,3,4,1039,1040,1132,1150,WN,535,N428WN,233,250,219,-18,-1,IND,LAS,1591,7,7,0,,0,NA,NA,NA,NA,NA,NO,NO
2008,1,3,4,617,615,652,650,WN,11,N689SW,95,95,70,2,2,IND,MCI,451,6,19,0,,0,NA,NA,NA,NA,NA,YES,YES
2008,1,3,4,1620,1620,1639,1655,WN,810,N648SW,79,95,70,-16,0,IND,MCI,451,3,6,0,,0,NA,NA,NA,NA,NA,NO,NO
